-- ============================================================
--  CREATE TABLES
-- ============================================================

CREATE TABLE customers (
    customer_id     VARCHAR(10)     PRIMARY KEY,
    customer_name   VARCHAR(100)    NOT NULL,
    customer_email  VARCHAR(150)    UNIQUE NOT NULL,
    customer_city   VARCHAR(100)
);

CREATE TABLE sales_reps (
    sales_rep_id    VARCHAR(10)     PRIMARY KEY,
    sales_rep_name  VARCHAR(100)    NOT NULL,
    sales_rep_email VARCHAR(150)    UNIQUE NOT NULL,
    office_address  VARCHAR(255)
);

CREATE TABLE products (
    product_id      VARCHAR(10)     PRIMARY KEY,
    product_name    VARCHAR(150)    NOT NULL,
    category        VARCHAR(100),
    unit_price      DECIMAL(10, 2)  NOT NULL CHECK (unit_price >= 0)
);

CREATE TABLE orders (
    order_id        VARCHAR(10)     PRIMARY KEY,
    order_date      DATE            NOT NULL,
    quantity        INT             NOT NULL CHECK (quantity > 0),
    customer_id     VARCHAR(10)     NOT NULL,
    sales_rep_id    VARCHAR(10),
    product_id      VARCHAR(10)     NOT NULL,

    CONSTRAINT fk_orders_customer
        FOREIGN KEY (customer_id)   REFERENCES customers (customer_id),
    CONSTRAINT fk_orders_sales_rep
        FOREIGN KEY (sales_rep_id)  REFERENCES sales_reps (sales_rep_id),
    CONSTRAINT fk_orders_product
        FOREIGN KEY (product_id)    REFERENCES products (product_id)
);


-- ============================================================
--  INSERT DATA
-- ============================================================

-- Customers (8 unique customers)
INSERT INTO customers (customer_id, customer_name, customer_email, customer_city) VALUES
('C001', 'Rohan Mehta',  'rohan@gmail.com',  'Mumbai'),
('C002', 'Priya Sharma', 'priya@gmail.com',  'Delhi'),
('C003', 'Amit Verma',   'amit@gmail.com',   'Bangalore'),
('C004', 'Sneha Iyer',   'sneha@gmail.com',  'Chennai'),
('C005', 'Vikram Singh', 'vikram@gmail.com', 'Mumbai'),
('C006', 'Neha Gupta',   'neha@gmail.com',   'Delhi'),
('C007', 'Arjun Nair',   'arjun@gmail.com',  'Bangalore'),
('C008', 'Kavya Rao',    'kavya@gmail.com',  'Hyderabad');


-- Sales Reps (3 unique sales reps)
INSERT INTO sales_reps (sales_rep_id, sales_rep_name, sales_rep_email, office_address) VALUES
('SR01', 'Deepak Joshi', 'deepak@corp.com', 'Mumbai HQ, Nariman Point, Mumbai - 400021'),
('SR02', 'Anita Desai',  'anita@corp.com',  'Delhi Office, Connaught Place, New Delhi - 110001'),
('SR03', 'Ravi Kumar',   'ravi@corp.com',   'South Zone, MG Road, Bangalore - 560001');


-- Products (8 unique products)
INSERT INTO products (product_id, product_name, category, unit_price) VALUES
('P001', 'Laptop',        'Electronics', 55000.00),
('P002', 'Mouse',         'Electronics',   800.00),
('P003', 'Desk Chair',    'Furniture',    8500.00),
('P004', 'Notebook',      'Stationery',    120.00),
('P005', 'Headphones',    'Electronics',  3200.00),
('P006', 'Standing Desk', 'Furniture',   22000.00),
('P007', 'Pen Set',       'Stationery',    250.00),
('P008', 'Webcam',        'Electronics',  2100.00);


-- Orders (187 rows from CSV)
INSERT INTO orders (order_id, order_date, quantity, customer_id, sales_rep_id, product_id) VALUES
('ORD1027', '2023-11-02', 4,  'C002', 'SR02', 'P004'),
('ORD1114', '2023-08-06', 2,  'C001', 'SR01', 'P007'),
('ORD1153', '2023-02-14', 3,  'C006', 'SR01', 'P007'),
('ORD1002', '2023-01-17', 1,  'C002', 'SR02', 'P005'),
('ORD1118', '2023-11-10', 5,  'C006', 'SR02', 'P007'),
('ORD1132', '2023-03-07', 5,  'C003', 'SR02', 'P007'),
('ORD1037', '2023-03-06', 2,  'C002', 'SR03', 'P007'),
('ORD1075', '2023-04-18', 3,  'C005', 'SR03', 'P003'),
('ORD1083', '2023-07-03', 2,  'C006', 'SR01', 'P007'),
('ORD1091', '2023-07-24', 3,  'C001', 'SR01', 'P006'),
('ORD1162', '2023-09-29', 3,  'C006', 'SR03', 'P004'),
('ORD1185', '2023-06-15', 1,  'C003', 'SR03', 'P008'),
('ORD1076', '2023-05-16', 5,  'C004', 'SR03', 'P006'),
('ORD1133', '2023-10-16', 1,  'C001', 'SR03', 'P004'),
('ORD1061', '2023-10-27', 4,  'C006', 'SR01', 'P001'),
('ORD1098', '2023-10-03', 2,  'C007', 'SR03', 'P001'),
('ORD1131', '2023-06-22', 4,  'C008', 'SR02', 'P001'),
('ORD1137', '2023-05-10', 1,  'C005', 'SR02', 'P007'),
('ORD1022', '2023-10-15', 5,  'C005', 'SR01', 'P002'),
('ORD1054', '2023-10-04', 1,  'C002', 'SR03', 'P001'),
('ORD1095', '2023-08-11', 3,  'C001', 'SR03', 'P001'),
('ORD1125', '2023-07-28', 3,  'C004', 'SR02', 'P001'),
('ORD1166', '2023-09-05', 3,  'C003', 'SR01', 'P002'),
('ORD1033', '2023-03-24', 5,  'C004', 'SR02', 'P002'),
('ORD1025', '2023-02-26', 2,  'C008', 'SR01', 'P001'),
('ORD1093', '2023-06-19', 1,  'C007', 'SR03', 'P006'),
('ORD1144', '2023-01-14', 3,  'C005', 'SR03', 'P001'),
('ORD1143', '2023-02-28', 2,  'C003', 'SR03', 'P005'),
('ORD1163', '2023-06-19', 3,  'C007', 'SR03', 'P006'),
('ORD1092', '2023-05-23', 3,  'C005', 'SR01', 'P007'),
('ORD1148', '2023-02-05', 5,  'C007', 'SR02', 'P006'),
('ORD1043', '2023-01-04', 1,  'C004', 'SR01', 'P005'),
('ORD1169', '2023-01-28', 5,  'C003', 'SR01', 'P003'),
('ORD1021', '2023-08-23', 2,  'C008', 'SR03', 'P004'),
('ORD1048', '2023-08-09', 3,  'C002', 'SR03', 'P001'),
('ORD1049', '2023-01-28', 1,  'C007', 'SR02', 'P004'),
('ORD1101', '2023-06-17', 4,  'C005', 'SR02', 'P006'),
('ORD1180', '2023-06-02', 3,  'C008', 'SR01', 'P004'),
('ORD1094', '2023-10-25', 3,  'C002', 'SR01', 'P003'),
('ORD1161', '2023-05-05', 3,  'C004', 'SR03', 'P004'),
('ORD1012', '2023-05-29', 1,  'C001', 'SR01', 'P006'),
('ORD1086', '2023-07-31', 1,  'C003', 'SR01', 'P007'),
('ORD1124', '2023-12-22', 2,  'C003', 'SR02', 'P002'),
('ORD1035', '2023-05-03', 1,  'C002', 'SR02', 'P003'),
('ORD1089', '2023-04-24', 2,  'C001', 'SR02', 'P007'),
('ORD1127', '2023-12-23', 1,  'C007', 'SR03', 'P007'),
('ORD1047', '2023-07-28', 2,  'C008', 'SR02', 'P002'),
('ORD1090', '2023-04-27', 2,  'C008', 'SR02', 'P003'),
('ORD1155', '2023-09-11', 3,  'C007', 'SR01', 'P003'),
('ORD1017', '2023-11-24', 5,  'C008', 'SR02', 'P004'),
('ORD1154', '2023-10-19', 5,  'C008', 'SR02', 'P002'),
('ORD1147', '2023-01-22', 3,  'C002', 'SR03', 'P007'),
('ORD1158', '2023-02-13', 2,  'C001', 'SR01', 'P005'),
('ORD1045', '2023-05-23', 4,  'C002', 'SR01', 'P005'),
('ORD1167', '2023-06-01', 2,  'C005', 'SR01', 'P001'),
('ORD1009', '2023-01-23', 4,  'C006', 'SR02', 'P005'),
('ORD1173', '2023-01-27', 2,  'C006', 'SR01', 'P002'),
('ORD1096', '2023-09-19', 1,  'C006', 'SR03', 'P004'),
('ORD1149', '2023-09-08', 1,  'C006', 'SR02', 'P001'),
('ORD1164', '2023-05-09', 2,  'C008', 'SR02', 'P003'),
('ORD1007', '2023-04-21', 3,  'C006', 'SR01', 'P003'),
('ORD1100', '2023-06-03', 5,  'C006', 'SR01', 'P006'),
('ORD1053', '2023-08-15', 5,  'C004', 'SR01', 'P007'),
('ORD1028', '2023-12-15', 1,  'C005', 'SR01', 'P005'),
('ORD1099', '2023-12-07', 3,  'C006', 'SR01', 'P004'),
('ORD1165', '2023-06-11', 1,  'C002', 'SR01', 'P006'),
('ORD1001', '2023-02-22', 5,  'C004', 'SR03', 'P002'),
('ORD1039', '2023-12-20', 2,  'C007', 'SR03', 'P002'),
('ORD1111', '2023-11-09', 1,  'C001', 'SR02', 'P002'),
('ORD1030', '2023-08-21', 1,  'C005', 'SR01', 'P004'),
('ORD1003', '2023-09-16', 5,  'C002', 'SR01', 'P002'),
('ORD1157', '2023-12-26', 3,  'C006', 'SR03', 'P003'),
('ORD1121', '2023-05-21', 4,  'C008', 'SR01', 'P006'),
('ORD1123', '2023-02-11', 2,  'C006', 'SR03', 'P003'),
('ORD1106', '2023-08-15', 2,  'C006', 'SR02', 'P004'),
('ORD1016', '2023-05-06', 2,  'C003', 'SR03', 'P005'),
('ORD1102', '2023-04-09', 4,  'C005', 'SR01', 'P005'),
('ORD1034', '2023-09-08', 1,  'C001', 'SR02', 'P005'),
('ORD1026', '2023-08-05', 5,  'C003', 'SR03', 'P007'),
('ORD1087', '2023-07-30', 2,  'C003', 'SR02', 'P006'),
('ORD1056', '2023-07-25', 1,  'C008', 'SR01', 'P004'),
('ORD1080', '2023-02-27', 1,  'C007', 'SR01', 'P005'),
('ORD1107', '2023-03-28', 1,  'C008', 'SR03', 'P007'),
('ORD1079', '2023-08-15', 5,  'C005', 'SR03', 'P002'),
('ORD1046', '2023-10-20', 5,  'C004', 'SR01', 'P005'),
('ORD1066', '2023-12-09', 3,  'C006', 'SR01', 'P003'),
('ORD1024', '2023-03-12', 5,  'C007', 'SR01', 'P003'),
('ORD1136', '2023-06-22', 4,  'C004', 'SR02', 'P004'),
('ORD1142', '2023-05-12', 3,  'C004', 'SR03', 'P004'),
('ORD1170', '2023-03-06', 3,  'C005', 'SR01', 'P006'),
('ORD1146', '2023-06-04', 5,  'C004', 'SR03', 'P001'),
('ORD1105', '2023-10-24', 5,  'C005', 'SR02', 'P002'),
('ORD1183', '2023-12-05', 1,  'C004', 'SR01', 'P003'),
('ORD1065', '2023-08-03', 5,  'C001', 'SR01', 'P005'),
('ORD1122', '2023-05-01', 3,  'C002', 'SR02', 'P006'),
('ORD1014', '2023-03-25', 3,  'C008', 'SR02', 'P006'),
('ORD1181', '2023-10-19', 3,  'C007', 'SR01', 'P003'),
('ORD1032', '2023-09-17', 5,  'C005', 'SR03', 'P007'),
('ORD1184', '2023-03-30', 3,  'C003', 'SR01', 'P002'),
('ORD1129', '2023-10-03', 5,  'C007', 'SR02', 'P007'),
('ORD1134', '2023-03-11', 4,  'C002', 'SR02', 'P006'),
('ORD1004', '2023-11-29', 5,  'C001', 'SR01', 'P005'),
('ORD1070', '2023-02-05', 2,  'C005', 'SR02', 'P002'),
('ORD1097', '2023-05-11', 1,  'C007', 'SR01', 'P005'),
('ORD1051', '2023-10-02', 4,  'C004', 'SR01', 'P002'),
('ORD1084', '2023-07-01', 5,  'C004', 'SR01', 'P006'),
('ORD1159', '2023-05-04', 4,  'C007', 'SR03', 'P004'),
('ORD1063', '2023-12-12', 2,  'C002', 'SR01', 'P005'),
('ORD1088', '2023-02-25', 4,  'C005', 'SR03', 'P002'),
('ORD1117', '2023-12-08', 5,  'C003', 'SR02', 'P007'),
('ORD1172', '2023-09-03', 2,  'C005', 'SR01', 'P004'),
('ORD1141', '2023-08-31', 1,  'C003', 'SR01', 'P002'),
('ORD1109', '2023-12-11', 3,  'C006', 'SR01', 'P001'),
('ORD1013', '2023-07-14', 3,  'C004', 'SR01', 'P007'),
('ORD1085', '2023-03-21', 2,  'C007', 'SR03', 'P005'),
('ORD1041', '2023-03-03', 2,  'C008', 'SR02', 'P005'),
('ORD1156', '2023-07-01', 3,  'C003', 'SR01', 'P004'),
('ORD1052', '2023-05-23', 4,  'C003', 'SR01', 'P004'),
('ORD1130', '2023-05-20', 4,  'C004', 'SR01', 'P004'),
('ORD1060', '2023-10-05', 1,  'C001', 'SR03', 'P005'),
('ORD1011', '2023-12-27', 1,  'C006', 'SR01', 'P005'),
('ORD1062', '2023-02-11', 2,  'C003', 'SR03', 'P001'),
('ORD1182', '2023-02-20', 1,  'C001', 'SR01', 'P005'),
('ORD1081', '2023-07-09', 5,  'C003', 'SR01', 'P005'),
('ORD1055', '2023-03-27', 4,  'C002', 'SR01', 'P007'),
('ORD1177', '2023-05-08', 1,  'C005', 'SR01', 'P001'),
('ORD1135', '2023-07-14', 3,  'C003', 'SR02', 'P001'),
('ORD1071', '2023-08-13', 5,  'C006', 'SR01', 'P003'),
('ORD1113', '2023-05-05', 2,  'C007', 'SR02', 'P004'),
('ORD1178', '2023-11-02', 3,  'C007', 'SR01', 'P005'),
('ORD1044', '2023-01-17', 3,  'C001', 'SR01', 'P002'),
('ORD1140', '2023-01-11', 5,  'C001', 'SR01', 'P002'),
('ORD1168', '2023-01-08', 5,  'C006', 'SR02', 'P002'),
('ORD1005', '2023-10-29', 3,  'C007', 'SR02', 'P002'),
('ORD1058', '2023-12-23', 5,  'C008', 'SR02', 'P003'),
('ORD1023', '2023-08-08', 5,  'C005', 'SR03', 'P006'),
('ORD1006', '2023-12-24', 4,  'C001', 'SR01', 'P007'),
('ORD1064', '2023-05-07', 5,  'C007', 'SR03', 'P001'),
('ORD1082', '2023-01-22', 3,  'C003', 'SR01', 'P004'),
('ORD1110', '2023-03-17', 1,  'C004', 'SR01', 'P007'),
('ORD1010', '2023-10-10', 3,  'C002', 'SR01', 'P004'),
('ORD1020', '2023-06-11', 2,  'C002', 'SR03', 'P002'),
('ORD1151', '2023-09-25', 3,  'C007', 'SR03', 'P002'),
('ORD1126', '2023-04-16', 4,  'C008', 'SR01', 'P004'),
('ORD1138', '2023-10-04', 1,  'C008', 'SR03', 'P001'),
('ORD1128', '2023-06-30', 3,  'C007', 'SR01', 'P004'),
('ORD1069', '2023-04-20', 5,  'C002', 'SR03', 'P001'),
('ORD1103', '2023-03-31', 5,  'C007', 'SR03', 'P006'),
('ORD1077', '2023-02-17', 4,  'C008', 'SR01', 'P003'),
('ORD1119', '2023-08-17', 2,  'C007', 'SR03', 'P007'),
('ORD1031', '2023-09-17', 1,  'C005', 'SR01', 'P005'),
('ORD1112', '2023-10-22', 2,  'C008', 'SR03', 'P004'),
('ORD1174', '2023-02-03', 2,  'C008', 'SR01', 'P001'),
('ORD1145', '2023-04-12', 1,  'C007', 'SR03', 'P004'),
('ORD1179', '2023-09-25', 2,  'C004', 'SR01', 'P007'),
('ORD1078', '2023-06-20', 2,  'C005', 'SR01', 'P001'),
('ORD1042', '2023-01-11', 5,  'C004', 'SR02', 'P001'),
('ORD1015', '2023-05-17', 1,  'C006', 'SR03', 'P002'),
('ORD1171', '2023-01-07', 3,  'C008', 'SR01', 'P001'),
('ORD1036', '2023-02-13', 4,  'C004', 'SR01', 'P005'),
('ORD1068', '2023-01-05', 4,  'C008', 'SR01', 'P003'),
('ORD1038', '2023-05-16', 5,  'C008', 'SR01', 'P005'),
('ORD1057', '2023-07-19', 3,  'C003', 'SR01', 'P004'),
('ORD1139', '2023-02-05', 1,  'C006', 'SR03', 'P002'),
('ORD1029', '2023-06-24', 1,  'C005', 'SR03', 'P007'),
('ORD1108', '2023-11-21', 5,  'C005', 'SR03', 'P005'),
('ORD1050', '2023-06-23', 1,  'C001', 'SR03', 'P004'),
('ORD1150', '2023-08-24', 2,  'C007', 'SR03', 'P003'),
('ORD1160', '2023-02-17', 3,  'C008', 'SR01', 'P004'),
('ORD1067', '2023-03-09', 3,  'C004', 'SR02', 'P003'),
('ORD1175', '2023-10-23', 3,  'C008', 'SR01', 'P001'),
('ORD1018', '2023-01-29', 2,  'C004', 'SR02', 'P006'),
('ORD1116', '2023-03-04', 4,  'C001', 'SR01', 'P005'),
('ORD1072', '2023-09-28', 1,  'C005', 'SR03', 'P005'),
('ORD1073', '2023-03-10', 3,  'C005', 'SR01', 'P006'),
('ORD1059', '2023-06-01', 2,  'C008', 'SR01', 'P002'),
('ORD1008', '2023-02-19', 3,  'C002', 'SR02', 'P001'),
('ORD1074', '2023-10-11', 2,  'C002', 'SR03', 'P001'),
('ORD1120', '2023-05-07', 3,  'C008', 'SR02', 'P004'),
('ORD1152', '2023-10-31', 3,  'C008', 'SR02', 'P004'),
('ORD1176', '2023-03-18', 3,  'C001', 'SR01', 'P002'),
('ORD1115', '2023-09-23', 4,  'C003', 'SR03', 'P007'),
('ORD1104', '2023-01-01', 3,  'C005', 'SR03', 'P004'),
('ORD1000', '2023-05-21', 2,  'C002', 'SR03', 'P001'),
('ORD1040', '2023-11-29', 3,  'C005', 'SR03', 'P004'),
('ORD1019', '2023-07-25', 3,  'C001', 'SR02', 'P007');
